name_from_wiki,candidate_url,check_result,checked_on
Erlang and Elixir Buenos Aires User Group [ meetup.com site ],http://www.meetup.com/Erlang-Buenos-Aires/,historical or undated: activity unconfirmed,2026-10-07
"Montevideo Elixir (Montevideo, Uruguay) [ meetup.com site ]",https://www.meetup.com/Elixir-Montevideo/,source readable; date/activity needs individual confirmation,2026-10-07
"Boulder Elixir (Boulder, Colorado) [ meetup.com site ]",http://www.meetup.com/boulder-elixir/,source readable; date/activity needs individual confirmation,2026-10-07
"Cincinnati Elixir (Cincinnati, Ohio) [ meetup.com site ]",http://www.meetup.com/Cincinnati-Elixir-Meetup/,source readable; date/activity needs individual confirmation,2026-10-07
"Elixir |> CLE (Cleveland, Ohio.) [ meetup.com site ]",http://www.meetup.com/Elixir-CLE/,not publishable: group not found,2026-10-07
"Ohio/Columbus Elixir (Columbus, Ohio) [ site ][ eventbrite.com site ]",https://www.ohioelixir.com/,historical or undated: activity unconfirmed,2026-10-07
"Dayton Elixir (Dayton, Ohio) [ meetup.com site ]",http://www.meetup.com/DaytonElixir/,unverified: source could not be read,2026-10-07
"Austin Elixir (Austin, Texas) [ meetup.com site ]",http://www.meetup.com/Austin-Elixir/,historical or undated: activity unconfirmed,2026-10-07
"Dallas/Fort Worth Erlang User Group (Dallas/Fort Worth, TX) [ meetup.com site ] [ @dfwerl on Twitter ]",http://www.meetup.com/DFW-Erlang-User-Group/,historical or undated: activity unconfirmed,2026-10-07
"NashFP (Nashville, Tennessee) [ site ] - not strictly Elixir focused, but lots of Elixirists and Elixir-related content",http://nashfp.org/,historical or undated: activity unconfirmed,2026-10-07
"NashElixir (Nashville, Tennessee) [ site ]",http://www.meetup.com/nash-elixir/,source readable; date/activity needs individual confirmation,2026-10-07
"Chattanooga Elixir (Chattanooga, Tennessee [ meetup.com site ]",http://www.meetup.com/Chattanooga-Elixir/,unverified: source could not be read,2026-10-07
ChicagoElixir [ meetup.com site ],http://www.meetup.com/ChicagoElixir/,historical or undated: activity unconfirmed,2026-10-07
Pittsburgh Code & Supply [ meetup.com site ],http://meetup.com/Pittsburgh-Code-Supply/,historical or undated: activity unconfirmed,2026-10-07
Portland Erlang and Elixir User Group [ meetup.com site ],http://www.meetup.com/Portland-Erlang-User-Group/,historical or undated: activity unconfirmed,2026-10-07
Detroit Erlang and Elixir Meetup [ meetup.com site ],http://www.meetup.com/Detroit-Erlang-and-Elixir-Meetup/,unverified: source could not be read,2026-10-07
Seattle Erlang and Elixir User Group [ meetup.com site ],http://www.meetup.com/Seattle-Erlang-User-Group/,not publishable: group not found,2026-10-07
Boston Elixir [ meetup.com site ][ @BostonElixir ],http://www.meetup.com/Boston-Elixir/,source readable; date/activity needs individual confirmation,2026-10-07
Northern Virginia - NoVA Elixir [ meetup.com site ][ @NoVAElixir ],http://www.meetup.com/NoVA-Elixir-Meetup/,historical or undated: activity unconfirmed,2026-10-07
Bogotá |> Elixir [ meetup.com site ][ @BogotaElixir ],http://www.meetup.com/Bogota-Elixir/,not publishable: group not found,2026-10-07
LA Elixir Programming Language Meetup [ meetup.com site ],http://www.meetup.com/LA-Elixir-Meetup/,unverified: source could not be read,2026-10-07
"Monterrey, Mexico meetup [ meetup.com site ] [ @CodersMty_org ]",http://www.meetup.com/Usuarios-de-Elixir-Erlang-de-Monterrey/,historical or undated: activity unconfirmed,2026-10-07
"Mexico City, Mexico meetup [ meetup.com site ]",http://www.meetup.com/Elixir-Mexico-City/,source readable; date/activity needs individual confirmation,2026-10-07
Atlanta Elixir meetup [ meetup.com site ],http://www.meetup.com/atlantaelixir/,unverified: source could not be read,2026-10-07
Kansas City Elixir Users Group [ site ] [ meetup.com ],https://www.kcelixir.com/,unverified: source could not be read,2026-10-07
Saint Louis Elixir [ meetup.com ],https://www.meetup.com/StL-Elixir/,unverified: source could not be read,2026-10-07
ElixirMN (Minneapolis/St. Paul) [ site ][ @ElixirMN ],http://elixir.mn,unverified: source could not be read,2026-10-07
IowaElixir (Des Moines) [ meetup.com ],http://www.meetup.com/Iowa-Elixir/,unverified: source could not be read,2026-10-07
Erlang & Elixir SF (San Francisco) [ meetup.com ],https://www.meetup.com/ErlangElixirSF/,source readable; date/activity needs individual confirmation,2026-10-07
Silicon Valley Erlang/Elixir Group [ meetup.com ][ chat room ],http://www.meetup.com/Erlang-SV,unverified: source could not be read,2026-10-07
frelix: Fremont Erlang Elixir Meeting [ site ],https://frelix.pirsquared.org/,source readable; date/activity needs individual confirmation,2026-10-07
"Elixir Louisville (Louisville, Kentucky) [ meetup.com ][ @elixir_lou ][ slack&calendar ]",http://www.meetup.com/elixir-louisville,historical or undated: activity unconfirmed,2026-10-07
Western New York Elixir/Erlang Meetup [ meetup.com ],http://www.meetup.com/WNY-Elixir-Erlang-Meetup/,unverified: source could not be read,2026-10-07
Elixir - POA (Brazil) [ meetup.com site ],http://www.meetup.com/pt/Elixir-POA,unverified: source could not be read,2026-10-07
Elixir |> Baltimore [ meetup.com ][ @baltiex ],http://www.meetup.com/Elixir-Baltimore/,not publishable: group not found,2026-10-07
"Triangle |> Elixir (Raleigh, NC) meetup.com site",http://www.meetup.com/Triangle-Elixir/,unverified: source could not be read,2026-10-07
Orange County Elixir [ site ],http://www.meetup.com/Orange-County-Elixir/,unverified: source could not be read,2026-10-07
"Elixir-SC (Florianópolis, Santa Catarina, Brazil) [ site ]",http://www.meetup.com/elixirsc/,unverified: source could not be read,2026-10-07
"Philly Elixir Meetup (Philadelphia, PA) [ meetup.com ]",http://www.meetup.com/Philly-Elixir-Meetup/,unverified: source could not be read,2026-10-07
"Elixir User Group SP (São Paulo, SP, Brazil) [ meetup.com ][ @elug_sp ]",http://www.meetup.com/elug_sp/,source readable; date/activity needs individual confirmation,2026-10-07
Boston's Elixir Women [ meetup.com site ][ @BosElixirWomen ],https://www.meetup.com/Bostons-Elixir-Women/,unverified: source could not be read,2026-10-07
Toronto Elixir [ meetup.com site ],https://www.meetup.com/TorontoElixir/,source readable; date/activity needs individual confirmation,2026-10-07
Montreal Elixir [ meetup.com site ],https://www.meetup.com/MontrealElixir/,unverified: source could not be read,2026-10-07
Calgary Elixir [ meetup.com site ],https://www.meetup.com/Elixir-Calgary/,source readable; date/activity needs individual confirmation,2026-10-07
Utah Elixir [ meetup.com site ][ Slack channel ],https://www.meetup.com/utah-elixir/,historical or undated: activity unconfirmed,2026-10-07
"Jacksonville Elixir (Jacksonville, FL) [ meetup.com ]",https://www.meetup.com/jax-ex,historical or undated: activity unconfirmed,2026-10-07
"Elixir Meetup (Beijing, China) [ huodongxing ] [ bilibili ]",https://www.huodongxing.com/event/8640608948600,historical or undated: activity unconfirmed,2026-10-07
"Shinjuku.ex (Tokyo, Japan) [ facebook ] [ GitHub ]",https://www.facebook.com/groups/shinjuku.ex/,unverified: source could not be read,2026-10-07
"Sapporo.beam (Sapporo, Japan) [ site ] [ Github ]",http://sapporo-beam.github.io/,historical or undated: activity unconfirmed,2026-10-07
"Elixir Chiang Mai (Chiang Mai, Thailand) [ G+ ]",https://plus.google.com/communities/104373497559311644664,historical or undated: activity unconfirmed,2026-10-07
"Elixir-Chennai (Chennai, India) [ site ] [ Github ] [ meetup ] [ twitter ]",http://elixir-chennai.github.io/,unverified: source could not be read,2026-10-07
"Elixir-Bangalore (Bangalore, India) [ meetup ] [ twitter ]",http://www.meetup.com/Bangalore-Elixir-Meetup/,historical or undated: activity unconfirmed,2026-10-07
Singapore [ site ],http://www.meetup.com/Singapore-Elixir-Meetup/,historical or undated: activity unconfirmed,2026-10-07
"Elixir-Pune (Pune, India) [ meetup ][ twitter ][ telegram ]",http://www.meetup.com/Pune-Elixir-Meetup/,historical or undated: activity unconfirmed,2026-10-07
"Elixir Shanghai (Shanghai, China) [ meetup ]",http://www.meetup.com/Elixir-Shanghai/,not publishable: group not found,2026-10-07
"Elixir |> Seoul (Seoul, South Korea) [ meetup ]",https://www.meetup.com/Seoul-Elixir-Meetup/,unverified: source could not be read,2026-10-07
"Elixir.tw (Taipei, Taiwan) [ site ] [ meetup ]",http://elixir.tw,source readable; date/activity needs individual confirmation,2026-10-07
"Elixirlang Delhi NCR (NewDelhi, India) [ meetup ] [ Facebook ] [ Twitter ]",https://www.meetup.com/Elixirlang-Delhi-NCR/,unverified: source could not be read,2026-10-07
"fukuoka.ex (Fukuoka, Japan) [ site ] [ meetup(monthly) ]",https://fukuokaex.fun/,historical or undated: activity unconfirmed,2026-10-07
"kokura.ex (Fukuoka, Japan)  [ meetup(monthly) ]",https://fukuokaex.connpass.com/,source readable; date/activity needs individual confirmation,2026-10-07
"Elixir |> College (Fukuoka, Japan) [ site ]",https://elixir.college/,historical or undated: activity unconfirmed,2026-10-07
"Brisbane, Queensland, Australia [ site ]",http://www.meetup.com/brisbane-elixir,unverified: source could not be read,2026-10-07
"Melbourne, Victoria, Australia [ site ]",http://www.meetup.com/Elixir-Melbourne/,source readable; date/activity needs individual confirmation,2026-10-07
"Sydney, New South Wales, Australia [ site ]",http://www.meetup.com/sydney-ex/,unverified: source could not be read,2026-10-07
"Auckland, New Zealand [ site ]",http://www.meetup.com/Auckland-Erlang-Elixir-and-Phoenix-Meetup/,unverified: source could not be read,2026-10-07
"Wellington, New Zealand [ site ]",http://www.meetup.com/Wellington-Elixir-User-Group/,unverified: source could not be read,2026-10-07
Accra BEAMers[ site ] [ @AccraBEAMers ],http://accrabeamers.github.io/,unverified: source could not be read,2026-10-07
Beam Kenya [ github ] [ @ElixirKenya ],https://github.com/beamkenya/,historical or undated: activity unconfirmed,2026-10-07
Belfast Elixir (UK) [ site ][ meetup ] [ @BelfastElixir ],https://www.belfastelixir.org/,unverified: source could not be read,2026-10-07
"Elixir GOTO Nights (Zürich, Switzerland) [ site ]",https://www.meetup.com/Elixir-GOTO-Nights/,unverified: source could not be read,2026-10-07
Madrid |> Elixir [ site ],http://www.meetup.com/Madrid-Elixir/,historical or undated: activity unconfirmed,2026-10-07
Stockholm Elixir [ meetup.com site ] [ @StockholmElixir ],http://www.meetup.com/stockholm-elixir/,not publishable: group not found,2026-10-07
Lyon meetup (France) [ site ],http://www.meetup.com/Lyon-Elixir/,source readable; date/activity needs individual confirmation,2026-10-07
"Elixir Austria (Vienna, Austria) [ site ]",http://www.meetup.com/Elixir-Vienna,historical or undated: activity unconfirmed,2026-10-07
"Hamburg meetup (Hamburg, Germany) [ site ] [ @HamburgBEAMers ]",http://www.meetup.com/Hamburg-BEAMers,unverified: source could not be read,2026-10-07
"Berlin meetup (Berlin, Germany) [ site ]",http://elixir.berlin/,historical or undated: activity unconfirmed,2026-10-07
"FP AMS (Amsterdam, Netherlands) [ meetup.com site ] - not strictly Elixir focused, but quite a few Elixirists",http://www.meetup.com/fp-ams,source readable; date/activity needs individual confirmation,2026-10-07
"London meetup (London, UK) [ site ] [ @ElixirLangUK ]",http://www.meetup.com/Elixir-London/,source readable; date/activity needs individual confirmation,2026-10-07
"Elixir Addicts (Gothenburg, Sweden) [ meetup.com site ] [ @ElixirAddicts ]",http://www.meetup.com/elixir-addicts/,unverified: source could not be read,2026-10-07
"Helsinki Elixir (Helsinki, Finland) [ meetup.com site ] [ @ElixirHelsinki ]",http://www.meetup.com/Helsinki-Elixir/,unverified: source could not be read,2026-10-07
"Zagreb Elixir (Zagreb, Croatia) [ site ]",http://www.meetup.com/ZgElixir/,unverified: source could not be read,2026-10-07
"Elixir Slovenia (Ljubljana, Slovenia) [ site ]",http://www.meetup.com/Elixir-Slovenia,historical or undated: activity unconfirmed,2026-10-07
"Belgian Elixir Study Group (Brussels, Belgium) [ site ]",http://www.meetup.com/devspace-elixir-study-group/,source readable; date/activity needs individual confirmation,2026-10-07
"CPHex (Copenhagen Elixir) (Copenhagen, Denmark) [ twitter ] [ site ]",https://twitter.com/cph_ex,unverified: source could not be read,2026-10-07
"Lisbon Elixir Meetup (Lisbon, Portugal) [ meetup.com site ] [ github ] [ @lisbonelixir ]",http://www.meetup.com/lisbon-elixir/,unverified: source could not be read,2026-10-07
"Amsterdam Elixir Meetup (Amsterdam, Netherlands) [ meetup.com site ] [ @amselixir ]",http://www.meetup.com/Amsterdam-Elixir/,source readable; date/activity needs individual confirmation,2026-10-07
"Paris Elixir Mixer (Paris, France) [ meetup.com site ] [ @parix_ex ]",http://www.meetup.com/elixir/,source readable; date/activity needs individual confirmation,2026-10-07
"Elixir Toulouse (Toulouse, France) [ github ]",https://github.com/elixir-toulouse,unverified: source could not be read,2026-10-07
Kraków meetup [ site ],http://www.meetup.com/Elixir-Krakow/,unverified: source could not be read,2026-10-07
"Elixir Bulgaria (Sofia, Bulgaria) [ site ]",http://www.meetup.com/Elixir-Sofia,unverified: source could not be read,2026-10-07
"The Basel Erlang & Elixir Guild (Basel, Switzerland) [ site ]",http://www.meetup.com/The-Basel-Erlang-Guild/,unverified: source could not be read,2026-10-07
"Zürich Erlang & Elixir User Group (Zürich, Switzerland) [ site ]",http://www.meetup.com/Zurich-Erlang-User-Group/,source readable; date/activity needs individual confirmation,2026-10-07
"Halle Elixir Meetup (Halle, Germany) [ site ]",http://www.meetup.com/de/Halle-Elixir/,unverified: source could not be read,2026-10-07
"Bucharest/Romania Elixir User Group (Bucharest, Romania) [ meetup.com site ] [ @ElixirLangRO ]",http://www.meetup.com/Bucharest-Elixir-User-Group/,unverified: source could not be read,2026-10-07
"Elixir Ruhr (Ruhr region, Germany) [ site ] [ @ElixirRuhr ]",http://elixir.ruhr/,historical or undated: activity unconfirmed,2026-10-07
"Functional Twente (Enschede, The Netherlands) [ site ]",https://www.meetup.com/functional-twente/,historical or undated: activity unconfirmed,2026-10-07
"Budapest |> Elixir (Budapest, Hungary) [ meetup.com site ]",http://www.meetup.com/budapest-elixir/,unverified: source could not be read,2026-10-07
"Silesian BEAMers (Katowice, Poland) [ site ][ meetup.com site ][ @silesianbeamers ]",http://silesian-beamers.github.io/,unverified: source could not be read,2026-10-07
"Elixir Lang Moscow (Moscow, Russia) [ site ] [ meetup.com ]",http://elixir-lang.moscow/,historical or undated: activity unconfirmed,2026-10-07
"Elixir Milano (Milan, Italy) [ meetup.com site ] [ @elixir_mi ]",https://www.meetup.com/it-IT/Elixir-Milano/,historical or undated: activity unconfirmed,2026-10-07
"Poznań Elixir Meetup (Poznań, Poland) [ meetup.com site ]",https://www.meetup.com/Poznan-Elixir/,historical or undated: activity unconfirmed,2026-10-07
"Elixir Devs Novi Sad (Novi Sad, Serbia) [ meetup.com site ]",https://www.meetup.com/meetup-group-GmJHDXhm,unverified: source could not be read,2026-10-07
Elixir Athens (Greece) [ meetup.com site ],https://www.meetup.com/elixir-athens,unverified: source could not be read,2026-10-07
