name,campaign_date_2025,source_url,latest_date,next_date
Boston Global Elixir Meetups,22/9/25,https://globalelixirmeetups.com/,unconfirmed,unconfirmed
Austin Global Elixir Meetup,22/9/25,https://globalelixirmeetups.com/,unconfirmed,unconfirmed
Seoul Global Elixir Meetup,22/9/25,https://globalelixirmeetups.com/,unconfirmed,unconfirmed
San Salvador Global Elixir Meetup,23/9/25,https://globalelixirmeetups.com/,unconfirmed,unconfirmed
Nakuru Global Elixir Meetup,23/9/25,https://globalelixirmeetups.com/,unconfirmed,unconfirmed
Abeokuta Global Elixir Meetup,23/9/25,https://globalelixirmeetups.com/,unconfirmed,unconfirmed
Helsinki Global Elixir Meetup,23/9/25,https://globalelixirmeetups.com/,unconfirmed,unconfirmed
Chattanooga Global Elixir Meetup,23/9/25,https://globalelixirmeetups.com/,unconfirmed,unconfirmed
Cincinnati Global Elixir Meetup,23/9/25,https://globalelixirmeetups.com/,unconfirmed,unconfirmed
Chicago Global Elixir Meetup,23/9/25,https://globalelixirmeetups.com/,unconfirmed,unconfirmed
Sydney Global Elixir Meetup,23/9/25,https://globalelixirmeetups.com/,unconfirmed,unconfirmed
Basel Global Elixir Meetup,23/9/25,https://globalelixirmeetups.com/,unconfirmed,unconfirmed
Istanbul Global Elixir Meetup,23/9/25,https://globalelixirmeetups.com/,unconfirmed,unconfirmed
Amsterdam Global Elixir Meetup,23/9/25,https://globalelixirmeetups.com/,unconfirmed,unconfirmed
Copenhagen Global Elixir Meetup,24/9/25,https://globalelixirmeetups.com/,unconfirmed,unconfirmed
Braga Global Elixir Meetup,24/9/25,https://globalelixirmeetups.com/,unconfirmed,unconfirmed
Parauapebas Global Elixir Meetup,24/9/25,https://globalelixirmeetups.com/,unconfirmed,unconfirmed
Gothenburg Global Elixir Meetup,25/9/25,https://globalelixirmeetups.com/,unconfirmed,unconfirmed
London Global Elixir Meetup,25/9/25,https://globalelixirmeetups.com/,unconfirmed,unconfirmed
Kraków Global Elixir Meetup,25/9/25,https://globalelixirmeetups.com/,unconfirmed,unconfirmed
San Francisco Global Elixir Meetup,25/9/25,https://globalelixirmeetups.com/,unconfirmed,unconfirmed
Melbourne Global Elixir Meetup,25/9/25,https://globalelixirmeetups.com/,unconfirmed,unconfirmed
Zagreb Global Elixir Meetup,25/9/25,https://globalelixirmeetups.com/,unconfirmed,unconfirmed
Edmonton Global Elixir Meetup,25/9/25,https://globalelixirmeetups.com/,unconfirmed,unconfirmed
Belfast Global Elixir Meetup,25/9/25,https://globalelixirmeetups.com/,unconfirmed,unconfirmed
Munich Global Elixir Meetup Edition,25/9/25,https://globalelixirmeetups.com/,unconfirmed,unconfirmed
Bochum Global Elixir Meetup,25/9/25,https://globalelixirmeetups.com/,unconfirmed,unconfirmed
Lisbon Global Elixir Meetup,25/9/25,https://globalelixirmeetups.com/,unconfirmed,unconfirmed
Jacksonville Beach Global Elixir Meetup,25/9/25,https://globalelixirmeetups.com/,unconfirmed,unconfirmed
Montevideo Elixir Meetup,25/9/25,https://globalelixirmeetups.com/,unconfirmed,unconfirmed
Belém Global Elixir Meetup,25/9/25,https://globalelixirmeetups.com/,unconfirmed,unconfirmed
Madrid Global Elixir Meetup,25/9/25,https://globalelixirmeetups.com/,unconfirmed,unconfirmed
Berlin Global Elixir Meetup,25/9/25,https://globalelixirmeetups.com/,unconfirmed,unconfirmed
Mexico City Global Elixir Meetup,26/9/25,https://globalelixirmeetups.com/,unconfirmed,unconfirmed
São Paulo Global Elixir Meetup,27/9/25,https://globalelixirmeetups.com/,unconfirmed,unconfirmed
Dar Es Salaam Global Elixir Meetup,27/9/25,https://globalelixirmeetups.com/,unconfirmed,unconfirmed
Mumbai Global Elixir Meetup,27/9/25,https://globalelixirmeetups.com/,unconfirmed,unconfirmed
Nairobi Global Elixir Meetup,27/9/25,https://globalelixirmeetups.com/,unconfirmed,unconfirmed
Viña del Mar Global Elixir Meetup,27/9/25,https://globalelixirmeetups.com/,unconfirmed,unconfirmed
Auroville Global Elixir Meetup,27/9/25,https://globalelixirmeetups.com/,unconfirmed,unconfirmed
Kampala Global Elixir Meetup,27/9/25,https://globalelixirmeetups.com/,unconfirmed,unconfirmed
Goiânia Global Elixir Meetup,27/9/25,https://globalelixirmeetups.com/,unconfirmed,unconfirmed
Bangalore Global Elixir Meetup,28/9/25,https://globalelixirmeetups.com/,unconfirmed,unconfirmed
NervesJP Global Elixir Meetup (online only),28/9/25,https://globalelixirmeetups.com/,unconfirmed,unconfirmed
